Group,Mean,Lower,Upper
A,1.9681716105412592,1.298182875059401,2.6059024213331066
B,2.1695911102910985,1.5051572375663944,2.834229934264497
