group,y
A,1.9681716105412592
B,2.169591110291099
