,KS Statistic,p-value
normal,0.034694823941941455,0.9627839166976859
skewed,0.15306702930288957,0.00014770979108617936
