,mean,median,mode
X1,4.91845806965583,4.991616231904526,-0.2394902081794887
X2,10.25760456069663,10.236518046370074,0.2761979797927822
y,2.0688813604161793,2.0725359022309062,-5.840716619977462
