,skewness,kurtosis
X1,0.13347605307087407,3.028805921172604
X2,0.17376320660285408,3.8218165779735678
y,0.16466109034486467,3.006351179153567
