,count,mean,std,min,25%,50%,75%,max
X1,200.0,4.91845806965583,1.8620078304140026,-0.2394902081794887,3.5897446501707875,4.991616231904526,6.001704946073527,10.440338333179238
X2,200.0,10.25760456069663,2.961011433066128,0.2761979797927822,8.182487386527267,10.236518046370074,12.06169342212599,21.558194471964164
y,200.0,2.0688813604161793,3.5075055587885537,-5.840716619977462,-0.5222335540544727,2.0725359022309062,4.506071410924136,14.073564963825064
