Model,AIC,BIC,R_squared,Adj_R_squared
Model_4,728.5044093452007,741.6976788113928,0.8245064016719436,0.8218202751669222
Model_3,728.652960953714,738.5479130533581,0.8226109534652932,0.8208100494395602
Model_1,946.868435394336,953.465070127432,0.46651940571954076,0.4638250592837809
Model_2,1006.8666810547581,1013.4633157878542,0.2798828378175374,0.27624588245297954
