,Lower Bound,Upper Bound
Intercept,1.2750282349649704,2.6613149861175494
group[T.B],-0.7788332626592187,1.1816722621588955
