,coef,p_value,ci_lower,ci_upper
Intercept,-0.4918831929208829,0.00011523218074122527,-0.7418987309929161,-0.2418676548488497
X,0.8617236313135995,1.370681403178154e-08,0.5642172343123911,1.1592300283148078
