,coef,p_value,ci_lower,ci_upper
Intercept,0.46076228921023166,3.355464417726639e-23,0.3697403606829072,0.551784217737556
X,0.9097239965170539,0.0,0.8808294723322592,0.9386185207018487
