,sum_sq,df,F,PR(>F)
group3,36.26808531621665,2.0,1.481128887505816,0.2299016835262148
Residual,2411.9483684253723,197.0,,
