,sum_sq,df,F,PR(>F)
group,2.0284907439737534,1.0,0.16419064004166828,0.6857647059109829
Residual,2446.1879629976147,198.0,,
