,df_resid,ssr,df_diff,ss_diff,F,Pr(>F)
0,199.0,2448.216453741589,0.0,,,
1,198.0,2446.1879629976147,1.0,2.028490743974089,0.16419064004169548,0.6857647059109829
