,LM Stat,p-value,Stat
Breusch-Pagan,7.320301757900882,0.006817996349043,
White,,1.0733374555172516e-07,32.094645479066926
