group,Y1,Y2
A,0.18318559583673374,0.06864437318260831
B,1.8886600478563575,1.8015493191338097
