method,correlation,p-value
Pearson,0.954570513845898,4.608582072476223e-106
Spearman,0.957362934073352,9.91273361120997e-109
Kendall,0.8122613065326633,2.0518409642398448e-65
