method,correlation,p-value
Pearson,-0.06500474581602683,0.3604482114429178
Spearman,-0.06885922148053703,0.33261351181811716
Kendall,-0.02874371859296482,0.5455418638571202
